<?xml version="1.0" encoding="UTF-8"?>
<!DOCTYPE hibernate-configuration PUBLIC "-//Hibernate Configuration DTD 3.0// EN" " http://hibernate.sourceforge.net/hibernate-configuration-4.0.dtd">
<hibernate-configuration>
    <session-factory>
        <property name="hibernate-configuration.drive_class">com.mysql.jdbc.Drive</property>
        <property name="hibernate-configuration.url">jdbc:mysql://localhost:3306/testj</property>
        <property name="hibernate-configuration.username">test</property>
        <property name="hibernate-configuration.password">secret</property>
        
        <!--SQL Dialect -->
        <property name="hibernate.dialect">org.hibernate.dialect.MySQLDialect</property>

<!--Write-->
        <property name="show_sql">true</property>
        <!--Name of the entity class-->
        <mapping class="dk.martinrowedder.ws.testj.model.Person"/>
    </session-factory>
    
</hibernate-configuration>
